gene_id	ncbi_refseq	eff_length	tpm_1d_rep1	tpm_1d_rep2	tpm_1d_rep3	tpm_10d_rep1	tpm_10d_rep2	tpm_10d_rep3	tpm_10d_rep4	mean_tpm_1d	mean_tpm_10d	pvalue	qvalue	log2fc	regulation	tair_description	at_accession	at_evalue	regulation_label
Nitab4.5_0009567g0010.1	XM_016650387.1	988	0	0	0	0	555.542942	525.041026	514.58751	0	531.7238259999999	5.17741551684356e-25	8.21051810712775e-23	9.2909285131549	1	ATEXLB1, EXPR, AT-EXPR, ATEXPR1, ATHEXP BETA 3.1, EXLB1: Expansin B1, cellulose-binding-like domain, Expansin/pollen allergen, DPBB domain, RlpA-like double-psi beta-barrel domain, Barwin-like endoglucanase	AT4G17030.1	5.9999999999999998E-78	UP
Nitab4.5_0022765g0010.1	XM_016640492.1	1052	0	0	0	0	288.150014	251.981262	306.92369	0	282.3516553333333	4.38324953025416e-21	4.63406880892981e-19	8.6357210432766	1	GAMMA-TIP, TIP1;1, GAMMA-TIP1: gamma tonoplast intrinsic protein	AT2G36830.1	1E-146	UP
Nitab4.5_0000278g0010.1	XM_016600503.1	480	0	0	0	0	858.526668	329.659163	874.951274	0	687.7123683333333	1.83727917237574e-19	1.6453375364852e-17	8.49501165081579	1	HSP20-like chaperones superfamily protein	AT5G59720	AT5G59720	UP
Nitab4.5_0009946g0020.1	XM_016608865.1	843	0	0	0	0	280.535702	386.968684	169.518667	0	279.0076843333334	1.34439364986249e-24	2.063210577168e-22	8.39142962578719	1	Aluminium induced protein with YGL and LRDR motifs	AT4G27450.1	3.9999999999999999E-140	UP
Nitab4.5_0000073g0350.1	XM_016588258.1	865	0	0	0	0.507259	576.494926	305.201128	513.485164	0.12681475	465.06040600000006	4.28938584051966e-33	1.24621393198609e-30	8.37523751369376	1	HSP20-like chaperones superfamily protein	AT1G53540.1	1.9999999999999999E-82	UP
Nitab4.5_0014015g0010.1	XM_016602129.1	996	0	0	0	0	139.164721	376.541766	97.336081	0	204.34752266666666	4.4170582986724e-19	3.82945874367816e-17	8.29430910246801	1	Peroxidase superfamily protein', Solanaceae	AT3G49960.1	0.45	UP
Nitab4.5_0000032g0010.1	XM_016631739.1	1308	0	0	0	0	159.325616	195.258693	156.009926	0	170.1980783333333	9.74534322111013e-19	8.04572154003149e-17	8.27938779956119	1	Inositol monophosphatase family protein	AT1G43670.1	0	UP
Nitab4.5_0009672g0010.1	XM_016629405.1	2562	0	0	0	0	75.575299	75.380963	85.152506	0	78.70292266666667	3.14826767122689e-26	5.5218003487048604e-24	8.16012224332099	1	ATTPS11, TPS11, ATTPSB: trehalose phosphatase/synthase 11	AT2G18700.1	0	UP
Nitab4.5_0003382g0020.1	XM_016624933.1	1014	91.656331	88.71595	68.114727	46.301904	0	0	0	73.697228	0	3.28118315388364e-156	3.12204577092028e-152	-8.07689073987147	2	Chalcone-flavanone isomerase family protein	AT5G66230.1	3.9999999999999999E-85	DOWN
Nitab4.5_0008232g0020.1	XM_016583001.1	3594	31.141167	47.797783	42.234303	33.572673	0	0	0	38.6864815	0	8.55866910990075e-227	1.62871473161411e-222	-7.96810790197117	2	Kinesin motor family protein	AT3G20150.1	0	DOWN
Nitab4.5_0005255g0010.1	XM_016602129.1	705	0	0	0	0	180.629884	483.445749	166.601192	0	276.892275	2.39173046916037e-22	2.98516750014197e-20	7.92959729590985	1	'Peroxidase superfamily protein'	AT3G49960.1	0.45	UP
Nitab4.5_0021283g0010.1	XM_016630877.1	1239	143.947442	121.312377	139.577618	94.08919	0	0	0	124.73165675000001	0	3.47418966671835e-253	1.322276587153e-248	-7.88847778725797	2	FLA2: FASCICLIN-like arabinogalactan 2	AT4G12730.1	9.9999999999999995E-127	DOWN
Nitab4.5_0001904g0070.1	XM_016608215.1	891	0	0	0	0	155.331466	145.449414	127.131294	0	142.63739133333334	9.09605903086008e-17	5.80865783078078e-15	7.80640951186822	1	HIPP20: Heavy metal transport/detoxification superfamily protein	AT1G71050.1	5.9999999999999997E-15	UP
Nitab4.5_0000662g0180.1	XM_016629011.1	840	0	0	0	0	154.637638	134.520493	151.461063	0	146.87306466666666	2.19305397703264e-16	1.30827013112637e-14	7.79876596917771	1	Aluminium induced protein with YGL and LRDR motifs	AT4G27450.1	8.0000000000000003E-142	UP
Nitab4.5_0007754g0030.1	XM_016623398.1	936	5.747513	0	0	0	516.087184	411.12911	672.739785	1.43687825	533.318693	1.25194938864243e-17	8.90639135172537e-16	7.76034644264334	1	ATEXT3, RSH, EXT3: extensin 3	AT1G21310.1	0.28999999999999998	UP
Nitab4.5_0002066g0110.1	XM_016592992.1	1063	0.527993	0	0	0	287.021977	198.562386	199.081205	0.13199825	228.221856	8.54198733771912e-16	4.62509659651412e-14	7.70408494447802	1	Aluminium induced protein with YGL and LRDR motifs	AT4G27450.1	5.0000000000000003E-115	UP
Nitab4.5_0000500g0190.1	XM_016660335.1	756	3.490456	0	0	0	416.47953	380.860297	287.149581	0.872614	361.4964693333333	8.1178552472011e-18	5.94164559054758e-16	7.56746101867786	1	ATEXLB1, EXPR, AT-EXPR, ATEXPR1, ATHEXP BETA 3.1, EXLB1: expansin-like B1	AT4G17030.1	9.9999999999999996E-75	UP
Nitab4.5_0002918g0080.1	XM_016615196.1	4386	69.102641	80.769301	82.186285	58.681297	0	0.052954	0.109172	72.68488099999999	0.054042	2.18035228535593e-61	3.0734891844684e-58	-7.50002908000289	2	TOPII, ATTOPII: topoisomerase II	AT3G23890.1	0	DOWN
Nitab4.5_0009648g0020.1	XM_016646097.1	432	0	0	0	2.588336	393.410455	922.472546	478.628611	0.647084	598.1705373333333	9.92269578430863e-18	7.17980611313282e-16	7.49307546216945	1	XERO1: dehydrin xero 1	AT3G50980.1	4E-14	UP
Nitab4.5_0001301g0090.1	XM_016602787.1	2322	1.097015	0	0	0	125.62682	99.761206	97.572152	0.27425375	107.65339266666666	2.72159303534272e-15	1.36654130508105e-13	7.48396151996851	1	BXL2, ATBXL2: beta-xylosidase 2	AT1G02640.1	0	UP
Nitab4.5_0010009g0010.1	XM_016602129.1	1377	0	0	0	0	44.84649	150.175304	35.228475	0	76.75008966666667	6.78530472868125e-17	4.47571400300881e-15	7.40396409754076	1	Peroxidase superfamily protein', Solanaceae	AT3G49960.1	0.28999999999999998	UP
Nitab4.5_0003893g0030.1	XM_016658362.1	1521	0	0	0	0	52.839788	62.611142	41.715867	0	52.38893233333334	2.84100776773567e-15	1.4227467847371e-13	7.39381168458717	1	BGLU46: beta glucosidase 46	AT1G61820.1	0	UP
Nitab4.5_0002537g0010.1	XM_016621834.1	423	0	0	0	0	289.734683	276.98792	205.856233	0	257.52627866666666	3.58962147833596e-15	1.76527876334382e-13	7.3380912251769	1	XH/XS domain-containing protein', Solanaceae	AT4G00380.1	5.6	UP
Nitab4.5_0016299g0010.1	XM_016607844.1	545	51.329608	145.749061	183.280278	90.013925	0	0	0	117.59321800000001	0	5.77906498831518e-15	2.75628087036687e-13	-7.3226659031798	2	NA	NA	NA	DOWN
Nitab4.5_0000707g0240.1	XM_016652815.1	4410	39.170174	54.413405	48.555466	46.318451	0.325694	0	0	47.114374000000005	0.10856466666666666	1.33578576837324e-34	4.42087011689441e-32	-7.29567602331408	2	TOPII, ATTOPII: topoisomerase II	AT3G23890.1	0	DOWN
Nitab4.5_0000461g0300.1	XM_016587758.1	633	139.597671	132.08453	111.283407	221.019831	0	0	0	150.99635975	0	9.41203052431048e-119	4.47777352194071e-115	-7.29490742570485	2	NA	NA	NA	DOWN
Nitab4.5_0000062g0170.1	XM_016626108.1	1299	55.531498	90.278026	63.557955	74.267757	0	0	0	70.908809	0	7.12127796388174e-136	5.42071678610678e-132	-7.28541743115943	2	CYC1BAT, CYCB1;2: Cyclin family protein, G1/S checkpoint	AT5G06150.1	2.0000000000000001E-153	DOWN
Nitab4.5_0002537g0030.1	XM_016621836.1	498	0.73588	0	0	0	392.137812	645.98473	261.260042	0.18397	433.127528	1.50054378714649e-14	6.70313339657223e-13	7.27794725490959	1	XH/XS domain-containing protein', Solanaceae	AT4G00380.1	5.6	UP
Nitab4.5_0000040g0340.1	XM_016594737.1	450	0	0	0	0	317.843294	187.320209	196.145156	0	233.769553	4.39385836651784e-25	6.99708156609494e-23	7.22749808943765	1	Ribonuclease T2 family protein	AT1G14220.1	3.0000000000000001E-92	UP
Nitab4.5_0004559g0010.1	XM_016596256.1	1491	51.302181	43.610468	58.027329	58.105206	0	0	0	52.761296	0	2.39774719846148e-64	3.80242743222684e-61	-7.22191300853918	2	FZR3: FIZZY-related 3, CCB52 prometaphase regualtion with CycB (through APC)	AT5G13840.2	Publication Detail	DOWN
Nitab4.5_0001232g0040.1	XM_016650947.1	2184	28.476115	34.745288	74.80512	68.182871	0	0	0	51.5523485	0	1.23805790597924e-126	7.85341398359497e-123	-7.16988603498879	2	AIR3: Subtilisin-like serine endopeptidase family protein	AT2G04160.1	The auxin influx carrier LAX3 promotes lateral root emergence | Nature Cell Biology	DOWN
Nitab4.5_0006895g0010.1	XM_016649366.1	411	1.10181	0	0	0	144.39613	188.405828	169.915668	0.2754525	167.572542	7.14971389676464e-14	2.94181741525257e-12	7.16038015255761	1	ABC transporter similar to AT2G27180.1  or At3G11690	AT3G11690	NA	UP
Nitab4.5_0001488g0020.1	XM_016635861.1	1452	0.60546	0	0	0	108.181146	57.722932	110.194129	0.151365	92.03273566666667	1.27070595028182e-12	4.29893941935344e-11	7.15940064558288	1	CYP72A15: cytochrome P450, family 72, subfamily A, polypeptide 15	AT3G14690.1	2E-179	UP
Nitab4.5_0000461g0040.1	XM_016583001.1	3585	14.153312	18.141491	18.487853	17.200045	0	0	0	16.99567525	0	5.52692899286835e-23	7.48594012343664e-21	-7.15154654780258	2	Kinesin motor family protein	AT3G20150.1	0	DOWN
Nitab4.5_0006888g0010.1	XM_016598402.1	1005	1.37341	0	0	0	205.629886	93.115134	160.939514	0.3433525	153.22817799999999	1.22865306396539e-14	5.57360376811952e-13	7.13285534073277	1	ATBCAT-2, BCAT-2: branched-chain amino acid transaminase 2	AT1G10070.2	0	UP
Nitab4.5_0005100g0050.1	XM_016660414.1	693	0.208677	0	0	0	118.869902	241.910185	79.933188	0.05216925	146.90442499999997	7.62854853663776e-14	3.1219629817681e-12	7.08225960023853	1	Pathogenesis-related thaumatin superfamily protein	AT5G02140.1	1.9999999999999999E-124	UP
Nitab4.5_0001891g0100.1	XM_016617051.1	1450	47.26948	54.57143	47.920485	30.936956	0	0	0	45.17458775	0	5.44432398340635e-104	1.8837360982586e-100	-7.07606202036858	2	Pathogenesis-related thaumatin superfamily protein	AT4G38660.1	1.0000000000000001E-138	DOWN
Nitab4.5_0002606g0030.1	XM_016626108.1	1341	56.548017	52.621829	56.328282	60.850804	0	0	0	56.587233	0	1.29392092909022e-92	4.10388588009783e-89	-7.07164791599732	2	CYC1BAT, CYCB1;2: Cyclin family protein	AT5G06150.1	9.0000000000000008E-152	DOWN
Nitab4.5_0000036g0420.1	XM_016615653.1	2544	0.54302	0	0	0.137085	58.797375	139.239017	78.426783	0.17002625	92.15439166666665	2.2846739397035e-24	3.39666758379356e-22	7.0197846547526	1	Protein of unknown function (duplicated DUF1399)	AT2G22660.2	0	UP
Nitab4.5_0001114g0030.1	XM_016621069.1	3327	0	0	0	0	14.623652	27.814212	20.911766	0	21.116543333333336	5.36261626614148e-18	4.04160742751178e-16	7.01498978803789	1	lysine-ketoglutarate reductase/saccharopine dehydrogenase bifunctional enzyme	AT4G33150.2	0	UP
Nitab4.5_0000365g0160.1	XM_016613843.1	429	0	0	0	0	150.496578	109.591968	184.02866	0	148.03906866666668	2.62718246882062e-16	1.54068666815582e-14	7.01434716067171	1	ATHSP22.0: HSP20-like chaperones superfamily protein	AT4G10250.1	4.0000000000000002E-62	UP
Nitab4.5_0002498g0070.1	XM_016631818.1	564	1.071993	0	0	0	106.275587	199.359988	175.396272	0.26799825	160.343949	5.81933352164961e-14	2.42058834791239e-12	7.00143323426501	1	CML38: calmodulin-like 38	AT1G76650	NA	UP
Nitab4.5_0007276g0010.1	XM_016609227.1	762	0	0	0	0	39.849142	45.578117	45.059805	0	43.495687999999994	1.04915948757243e-17	7.54839510340391e-16	6.99882929729019	1	Homeodomain-like superfamily, C2H2- zinc finger protein family, Trihelix transcription factor GT3, Myb-like domain	AT2G38250.1	4.0000000000000003E-63	UP
Nitab4.5_0006721g0030.1	XM_016632977.1	2232	24.83669	19.235492	47.20533	30.663413	0	0	0	30.48523125	0	1.28672532377752e-72	2.88075093076309e-69	-6.99600652943597	2	TPX2: targeting protein for XKLP2 , Involved in mitotic spindle assembly during late prophase and early prometaphase	AT1G03780.2	0	DOWN
Nitab4.5_0004637g0030.1	XM_016634761.1	1577	64.705438	61.668083	80.68849	61.4806	0.12073	0	0	67.13565275	0.04024333333333333	1.3669000517078e-104	5.20242159679989e-101	-6.99555455723813	2	CYC3B, CYC2BAT, CYCA2;2: mitotic-like cyclin 3B from Arabidopsis , G2/M, endoreduplication	AT5G11300.1	9.0000000000000005E-151	DOWN
Nitab4.5_0001357g0030.1	XM_016597859.1	918	4.808722	0	0	0	160.807544	210.903692	185.266872	1.2021805	185.65936933333333	4.74764856065146e-10	1.07428828032317e-8	6.99385057600299	1	Aluminium induced protein with YGL and LRDR motifs	AT4G27450.1	3.0000000000000002E-104	UP
Nitab4.5_0002011g0060.1	XM_016590113.1	543	102.945415	120.448356	60.254333	68.508232	0	0	0	88.039084	0	2.3228209943608e-29	5.32569680996216e-27	-6.95918078947093	2	ENODL15, AtENODL15: early nodulin-like protein 15, GPI anchored PM protein, for the cell to cell interaction	AT4G31840.1	Maternal ENODLs Are Required for Pollen Tube Reception in Arabidopsis - ScienceDirect	DOWN
Nitab4.5_0001646g0050.1	XM_016609496.1	1074	0	0	0	0	56.879149	37.65483	35.946723	0	43.493567333333324	8.13343396588355e-17	5.26460028471986e-15	6.94593499003936	1	ATBCAT-2, BCAT-2: branched-chain amino acid transaminase 2	AT1G10070.2	7.9999999999999996E-178	UP
Nitab4.5_0004937g0030.1	XM_016652303.1	1356	0	0	0	0.380321	88.167528	59.60821	65.483565	0.09508025	71.08643433333333	4.15461082442651e-14	1.76281480465633e-12	6.92741571054883	1	CYP72A15: cytochrome P450, family 72, subfamily A, polypeptide 15	AT3G14690.1	5.9999999999999998E-145	UP
Nitab4.5_0002302g0040.1	XM_016623637.1	957	1.929385	0	1.215755	0	269.494331	313.691305	274.539496	0.7862849999999999	285.9083773333333	2.61376315984378e-17	1.79242929484061e-15	6.89656332524825	1	unknown protein similar to AT3G03150.1	AT3G03150.1	6.0000000000000002E-27	UP
Nitab4.5_0005743g0010.1	XM_016591502.1	285	0	0	0	0	368.306597	272.25421	441.761733	0	360.77418000000006	1.35891397839835e-14	6.11350662149425e-13	6.88743514885223	1	'Heavy metal transport/detoxification superfamily protein'	AT1G01490.2	6E-11	UP
Nitab4.5_0003247g0010.1	XM_016594686.1	567	1.037809	0	0	2.633828	934.93721	207.445781	764.378534	0.9179092499999999	635.587175	3.37134433407692e-15	1.67074694472614e-13	6.8626790120175	1	ATHSP22.0: HSP20-like chaperones superfamily protein	AT4G10250.1	NA	UP
Nitab4.5_0012887g0010.1	XM_016607417.1	1254	1.149306	0	0	0	84.707169	70.713419	115.173568	0.2873265	90.198052	3.33694347050455e-13	1.2402741063223e-11	6.85040685594086	1	DREB2C, AtERF48: Integrase-type DNA-binding superfamily protein	AT2G40340.1	2.9999999999999999E-30	UP
Nitab4.5_0002139g0020.1	NA	912	67.323799	87.920754	46.807876	64.382595	0.175515	0	0	66.608756	0.058505	4.06607833118519e-122	2.21078487549869e-118	-6.81629088159443	2	CDKB1;2: cyclin-dependent kinase B1;2	AT2G38620.2	0	DOWN
Nitab4.5_0002477g0020.1	XM_016607297.1	1140	32.790039	33.011748	48.70338	36.30611	0	0	0	37.70281925	0	1.26340131102328e-16	7.8827957209092e-15	-6.81155798909274	2	unknown protein; interferon-activable protein;	AT3G52110.2	2E-79	DOWN
Nitab4.5_0002498g0080.1	XM_016628152.1	582	1.506573	0	0	0	96.540599	146.833052	190.46403	0.37664325	144.61256033333333	4.64537089620856e-13	1.69513726087917e-11	6.79729034814047	1	CML39, CML37: calmodulin like 37	AT5G42380	NA	UP
Nitab4.5_0011416g0010.1	XM_016640702.1	1631	181.675276	170.811612	187.397801	184.484123	0.598698	0.269702	0	181.09220299999998	0.28946666666666665	2.46349085327983e-36	9.47075372483135e-34	-6.79287062987479	2	Sec14p-like phosphatidylinositol transfer family protein, PATL4	AT1G30690.2	Phosphorylation-regulated SEC14-GOLD PATELLIN lipid transfer proteins - ScienceDirect	DOWN
Nitab4.5_0003076g0050.1	XM_016645370.1	1299	24.528832	44.700329	30.956374	22.482065	0	0	0	30.6669	0	8.19904748291864e-42	4.33410759999838e-39	-6.77218236887053	2	Reticulon family protein, RTN17	AT2G20590.1	The odd one out: Arabidopsis reticulon 20 does not bend ER membranes but has a role in lipid regulation | Scientific Reports	DOWN
Nitab4.5_0000753g0140.1	XM_016648262.1	1281	0	0	0	0	24.0155	42.85213	29.488212	0	32.118614	9.47507272387548e-15	4.39246367686603e-13	6.7676510679838104	1	Class I glutamine amidotransferase-like superfamily protein	AT5G38200.1	0	UP
Nitab4.5_0005181g0060.1	XM_016607186.1	1131	0	0	0	0	39.904723	20.304692	44.874697	0	35.02803733333333	9.82330796983238e-13	3.39192531012293e-11	6.76754532179147	1	RCY1, ATRCY1: arginine-rich cyclin 1	AT2G26430	NA	UP
Nitab4.5_0003722g0030.1	XM_016584345.1	540	0	0	2.1173670000000002	0	299.304879	219.012184	284.713415	0.52934175000000006	267.67682599999995	7.9328297510874e-16	4.33175753696394e-14	6.76556195997031	1	Lactoylglutathione lyase / glyoxalase I family protein	AT1G15380	3.9999999999999998E-94	UP
Nitab4.5_0008156g0030.1	XM_016641252.1	1773	0	2.359437	0	0	80.43337	134.332934	68.87432	0.58985925	94.54687466666667	1.05773048930688e-15	5.65410427289606e-14	6.76291343407842	1	ASN1, DIN6, AT-ASN1: glutamine-dependent asparagine synthase 1	AT3G47340.1	0	UP
Nitab4.5_0006448g0020.1	XR_001656256.1	453	78.41311	214.679437	120.598013	87.67482	0	0	0	125.341345	0	2.57941268569724e-206	3.27241489392124e-202	-6.75485226563497	2	trichohyalin	NA	NA	DOWN
Nitab4.5_0000410g0350.1	XM_016631230.1	1221	25.444211	29.101233	34.614536	15.389383	0	0	0	26.13734075	0	9.54374281935485e-16	5.13769238620432e-14	-6.74942515660996	2	unknown protein similar to AT3G15550.1	AT3G15550.1	2.0000000000000002E-15	DOWN
Nitab4.5_0000495g0180.1	XM_016579704.1	1302	36.624037	33.119547	33.42693	33.534447	0	0	0	34.17624025	0	5.77725524795601e-36	2.13477994890491e-33	-6.74661661270401	2	CYCB2;3: Cyclin B2;3	AT1G20610.1	4.0000000000000002E-173	DOWN
Nitab4.5_0000223g0250.1	XM_016603447.1	1449	308.678154	405.280128	404.608083	304.082467	1.27585	3.430664	0	355.662208	1.5688380000000002	4.64044203885851e-16	2.62820273807968e-14	-6.74419318965402	2	HMG (high mobility group) box protein	AT4G11080.1	The plant‐specific family of DNA‐binding proteins containing three HMG‐box domains interacts with mitotic and meiotic chromosomes - Pedersen - 2011 - New Phytologist - Wiley Online Library	DOWN
Nitab4.5_0008097g0010.1	XM_016621605.1	749	0	0	0	0	78.395206	118.950161	45.454275	0	80.933214	5.78317594158198e-17	3.84803629959109e-15	6.73766507978605	1	unknown protein similar to AT5G02160.1	AT5G02160.1	1E-46	UP
Nitab4.5_0005081g0100.1	XM_016592589.1	2220	18.259368	19.846731	27.214384	19.035346	0	0	0	21.08895725	0	1.96844674608404e-20	1.93090420505048e-18	-6.73118720021839	2	aspartic/glutamic acid-rich protein	AT5G17160.1	2.7	DOWN
Nitab4.5_0000048g0070.1	XM_016655818.1	1140	65.521707	60.492906	57.070918	29.937718	0	0	0	53.25581225	0	2.28576249181858e-54	2.63624607389743e-51	-6.71778947191544	2	GDSL-like Lipase/Acylhydrolase superfamily protein	AT1G28640	NA	DOWN
Nitab4.5_0000733g0160.1	XM_016657980.1	2241	18.948656	20.418052	21.77492	17.868248	0	0	0	19.752469	0	1.9286179745729e-30	4.92638926927816e-28	-6.69916021057764	2	ATPIP5K1, ATPIPK1, PIP5K1: phosphatidylinositol-4-phosphate 5-kinase 1	AT1G21980.1	9.9999999999999991E-146	DOWN
Nitab4.5_0001036g0110.1	XM_016601724.1	1320	0	0	0	0	42.140649	16.742973	37.699929	0	32.194517	1.61899085932584e-12	5.37685794990762e-11	6.69114111970021	1	CYP72A15: cytochrome P450, family 72, subfamily A, polypeptide 15	AT3G14690.1	4.9999999999999998E-145	UP
Nitab4.5_0007815g0080.1	XM_016655750.1	960	0	0	0	0	14.227587	24.481095	24.397269	0	21.035317	2.65331275256458e-13	1.00183614447032e-11	6.66968689071194	1	CML38: calmodulin-like 38	NA	NA	UP
Nitab4.5_0002853g0080.1	XM_016613941.1	2025	23.177913	34.723000999999996	26.200765	27.212064	0	0	0	27.82843575	0	2.0027921768805e-24	3.02485199412984e-22	-6.65194839317468	2	GRAS family transcription factor	AT1G63100	NA	DOWN
Nitab4.5_0000016g0170.1	XM_016619184.1	1005	4.017855	0	0	0	112.958381	182.157052	98.81441	1.00446375	131.30994766666666	3.20469764906234e-12	1.01812013792415e-10	6.65188657818669	1	PGIP1, ATPGIP1: polygalacturonase inhibiting protein 1	NA	NA	UP
Nitab4.5_0003200g0100.1	XM_016580401.1	1884	22.731998	39.825394	25.90698	20.728086	0	0	0	27.298114500000004	0	4.82773833300298e-18	3.68963295088541e-16	-6.6434228643223	2	MAN7, AtMAN7: Glycosyl hydrolase superfamily protein	AT5G66460.1	9E-153	DOWN
Nitab4.5_0005660g0010.1	XM_016637149.1	1032	195.719112	302.629655	178.441506	119.880576	1.355768	1.595009	0	199.16771225000002	0.9835923333333333	1.31340630126848e-22	1.70028040225437e-20	-6.63007883363137	2	Chalcone-flavanone isomerase family protein	AT5G66230.1	9.9999999999999998E-86	DOWN
Nitab4.5_0003766g0010.1	XM_016625867.1	843	0	0	0	0	25.301586	75.056412	20.803728	0	40.38724199999999	1.00606474109329e-12	3.44651881602256e-11	6.60681602295169	1	Protein of unknown function (DUF506)	AT4G32480.1	1.9999999999999999E-82	UP
Nitab4.5_0000824g0080.1	XM_016587530.1	905	21.631126	25.978502	25.490241	20.627781	0	0	0	23.4319125	0	7.19442717658169e-35	2.4448205208991e-32	-6.59038562427403	2	Kinase interacting (KIP1-like) family protein, NET3A at nuclear membrane	AT1G03470.2	8.9999999999999997E-54	DOWN
Nitab4.5_0000671g0160.1	XM_016607420.1	1362	17.722409	41.858979	35.846782	30.673614	0	0	0	31.525446	0	2.2971509081527e-30	5.75194497133499e-28	-6.58526340982536	2	Protein of unknown function, DUF642	AT5G11420.1	BIIDXI, the At4g32460 DUF642 gene, is involved in pectin methyl esterase regulation during Arabidopsis thalianaseed germination and plant development | BMC Plant Biology	DOWN
Nitab4.5_0001336g0090.1	XM_016588943.1	561	66.390246	58.858826	40.561524	29.378191	0	0	0	48.79719675	0	6.23487250256396e-106	2.63665830497316e-102	-6.58447434067221	2	GRIM REAPER (GRI), involved in the regulation of cell death induced by extracellular ROS (reactive oxygen species). Secreted into the extracellular space.	AT1G53130	GRIM REAPER peptide binds to receptor kinase PRK5 to trigger cell death in Arabidopsis | The EMBO Journal	DOWN
Nitab4.5_0005155g0020.1	XM_016655080.1	906	20.029312	23.84793	21.01539	21.935507	0	0	0	21.707034750000002	0	7.12618230932491e-30	1.69514061683066e-27	-6.57587829658224	2	Kinase interacting (KIP1-like) family protein	AT1G03470.2	4.0000000000000001E-54	DOWN
Nitab4.5_0000354g0040.1	XM_016656513.1	1002	0	0	0	0	24.573835	55.386586	18.781558	0	32.913993	2.20284065794216e-18	1.75765441176685e-16	6.56717748263595	1	bHLH093: beta HLH protein 93	AT5G65640.1	2.9999999999999999E-38	UP
Nitab4.5_0001695g0010.1	XM_016625231.1	2760	13.078013	15.034785	20.698618	10.792569	0	0	0	14.900996249999999	0	7.86087821478055e-59	1.03167249949844e-55	-6.5594109608293	2	GPI-anchored adhesin-like protein, Encodes a member of the TRM superfamily, that plays a role in preprophase band formation during plant cell division and controls the robustness of the orientation of that cell division. Its transcription is regulated by the cell cycle and peaks at the G2/M transition. TON1 RECRUITING MOTIF 7;TRM7	AT3G58650.1	The preprophase band of microtubules controls the robustness of division orientation in plants | Science	DOWN
Nitab4.5_0014837g0010.1	XM_016643765.1	1182	34.825432	36.932678	13.566399	17.870306	0	0	0	25.79870375	0	2.73585963681393e-54	3.06255346403348e-51	-6.55796473701705	2	MAN7, AtMAN7: Glycosyl hydrolase superfamily protein	AT5G66460	NA	DOWN
Nitab4.5_0004891g0060.1	XM_016601198.1	2007	0	0	0	0	23.756204	5.810847	37.514859	0	22.360636666666664	4.42371352728023e-13	1.62202829333609e-11	6.5571018207416	1	BIP, BIP2: Heat shock protein 70 (Hsp 70) family protein	AT5G42020.1	0	UP
Nitab4.5_0002949g0040.1	XM_016632153.1	798	210.917549	221.330258	186.846725	142.293797	4.115543	0	0	190.34708225	1.3718476666666666	1.19782644470568e-22	1.56127652347597e-20	-6.55263164319698	2	UCC1: uclacyanin 1	AT2G32300.1	2.0000000000000001E-33	DOWN
Nitab4.5_0005766g0040.1	XM_016602920.1	753	0	2.698618	0	0	150.761763	60.27342	168.58704	0.6746545	126.54074100000001	5.87152852481103e-13	2.09831338642543e-11	6.5457751528055	1	NA	AT3G14250.1	1E-58	UP
Nitab4.5_0008128g0030.1	XM_016623174.1	1461	26.549311	20.071163	17.499581	23.799703	0	0	0	21.9799395	0	1.30163628744858e-44	8.6912766842619e-42	-6.54533869325053	2	unknown protein similar to AT1G17030.1, hypothetical	AT1G17030.1	0	DOWN
Nitab4.5_0003194g0040.1	XM_016598505.1	882	17.415207	40.381242	28.597534	19.321081	0	0	0	26.428765999999996	0	5.32788070500032e-17	3.57005527521676e-15	-6.54252180837157	2	AP2/B3-like transcriptional factor family protein	AT5G58280.1	1.0000000000000001E-68	DOWN
Nitab4.5_0012646g0010.1	XM_016593301.1	2601	1.105797	0	0	0.316371	83.478882	63.037743	87.299282	0.35554199999999997	77.93863566666667	2.51233965803688e-16	1.48247515325401e-14	6.51887933597123	1	ATTPS11, TPS11, ATTPSB: trehalose phosphatase/synthase 11	AT2G18700.1	0	UP
Nitab4.5_0004775g0010.1	XM_016590742.1	843	2.898926	0	0	0.441357	219.151464	197.522372	301.658972	0.83507075	239.44426933333332	4.46919879986508e-12	1.38742011682598e-10	6.50807131398612	1	Aluminium induced protein with YGL and LRDR motifs	AT4G27450.1	5.0000000000000003E-115	UP
Nitab4.5_0004509g0030.1	XM_016592771.1	2571	33.61775	38.503209	48.788436	35.847244	0.400625	0	0	39.18915975	0.13354166666666667	3.75012677390474e-32	1.04182354025412e-29	-6.501311517533	2	P-loop containing nucleoside triphosphate hydrolase, kinesin	AT4G14330.1	3.0000000000000001E-93	DOWN
Nitab4.5_0000319g0220.1	NA	885	0	0	0	0	52.43155	9.541398	56.398794	0	39.457247333333335	1.88030308171755e-16	1.13774777885803e-14	6.50037344295359	1	HSP21: heat shock protein 21	AT4G27670.1	4.0000000000000001E-84	UP
Nitab4.5_0000278g0030.1	XM_016609134.1	480	0	0	0	5.626808	448.033008	82.678492	416.98006	1.406702	315.89718666666664	5.40730257119708e-14	2.26904008665668e-12	6.49473361954212	1	HSP20-like chaperones superfamily protein	AT1G53540.1	9.9999999999999996E-83	UP
Nitab4.5_0003652g0010.1	XM_016584872.1	1422	0	0	0	0	16.362387	41.529425	15.045762	0	24.312524666666665	9.73133270434771e-16	5.23127856959709e-14	6.48885777724	1	Class I glutamine amidotransferase-like superfamily protein	AT5G38200.1	0	UP
Nitab4.5_0000692g0030.1	XM_016593354.1	1230	21.474729	20.578824	20.159078	14.988136	0	0	0	19.30019175	0	1.19198632029401e-32	3.41105258273609e-30	-6.47312078986347	2	Glutaredoxin family protein	AT5G03870.1	9.9999999999999995E-113	DOWN
Nitab4.5_0002224g0100.1	XM_016588701.1	521	6.073519	12.152112	0	0	784.942387	681.019709	747.495136	4.55640775	737.8190773333334	2.24866751489886e-7	2.99036637376137e-6	6.46193205840712	1	NA	AT1G19530.1	8.0000000000000006E-18	UP
Nitab4.5_0010392g0010.1	XM_016644591.1	1008	0	0	0	0	21.79517	42.981339	17.050441	0	27.275650000000002	6.66095014428004e-15	3.14145926259354e-13	6.4607376526406	1	NA	NA	NA	UP
Nitab4.5_0002426g0050.1	XM_016619891.1	411	0	0	0	0	68.289502	48.422101	29.093738	0	48.60178033333333	3.0277275638175e-12	9.69178394271607e-11	6.45022704992185	1	NA	NA	NA	UP
Nitab4.5_0002283g0030.1	XM_016622771.1	1957	0	0	0	0	21.930856	28.832587	15.074145	0	21.945862666666667	2.51333215683877e-12	8.12032443881863e-11	6.44994757982903	1	RPT2: Phototropic-responsive NPH3 family protein	AT2G30520.1	0	UP
Nitab4.5_0000040g0110.1	XM_016595619.1	879	0	0	0	0	35.373867	37.798263	23.219348	0	32.13049266666666	4.15471945571749e-12	1.29401491394933e-10	6.43691076216393	1	NAP, ANAC029, ATNAP: NAC-like, activated by AP3/PI	AT1G69490.1	3.0000000000000001E-84	UP
Nitab4.5_0010205g0030.1	XM_016622148.1	1452	587.69124	590.475525	709.656493	458.893835	1.882533	2.930163	0.147728	586.6792732499999	1.6534746666666666	3.20487340168614e-30	7.86951494633384e-28	-6.43585451985716	2	HMG (high mobility group) box protein	AT4G11080.1	9.9999999999999994E-12	DOWN
Nitab4.5_0003230g0050.1	NA	456	0	0	0	0	120.750395	114.302798	54.799863	0	96.61768533333333	8.5853038964847e-13	2.98953949039531e-11	6.42983340833834	1	NA	NA	NA	UP
Nitab4.5_0001922g0090.1	XM_016577370.1	810	0	0	0	0	37.449558	7.092756	33.679181	0	26.073831666666667	7.50616136311965e-12	2.25177596438214e-10	6.42239477587519	1	unknown protein similar to AT3G10020.1	NA	NA	UP
Nitab4.5_0000169g0020.1	XM_016584964.1	2745	10.461524	14.159065	15.870791	10.458911	0	0	0	12.737572750000002	0	1.22271509430155e-30	3.23170392285535e-28	-6.42083305664423	2	NA	AT5G26910.1	3.0000000000000002E-85	DOWN
Nitab4.5_0005090g0030.1	XM_016593218.1	1006	0	0	0	0	19.380363	38.756148	14.680942	0	24.272484333333335	1.16075129930507e-11	3.4025289452194e-10	6.40727988089246	1	Protein of unknown function (DUF506)	AT4G32480.1	3.9999999999999999E-85	UP
Nitab4.5_0000638g0130.1	XM_016585009.1	600	46.96314	61.602269	34.659438	36.354284	0	0	0	44.894782750000005	0	8.65536533913858e-22	1.01360986094651e-19	-6.40156049226263	2	ENODL3, AtENODL3: early nodulin-like protein 3	AT4G28365.1	9.9999999999999995E-45	DOWN
Nitab4.5_0005609g0020.1	XM_016591419.1	1998	13.995797	19.566356	15.89594	19.218237	0	0	0	17.1690825	0	6.93365978253693e-16	3.81351288039531e-14	-6.39952706092854	2	NA	AT4G17000.1	9.9999999999999998E-86	DOWN
Nitab4.5_0001163g0030.1	XM_016628367.1	444	324.196451	617.130147	389.776489	321.676253	0	4.642547	1.728022	413.194835	2.123523	1.94531452230368e-27	3.70193353594391e-25	-6.39947175618626	2	H2B, HTB9: Histone superfamily protein	NA	NA	DOWN
Nitab4.5_0006022g0030.1	XM_016591531.1	2085	13.750597	13.876548	19.233896	21.080182	0	0	0	16.985305750000002	0	8.45129483465893e-18	6.17382497902339e-16	-6.38993478158421	2	NA	AT2G16270.1	9.9999999999999995E-8	DOWN
Nitab4.5_0007721g0030.1	XM_016639138.1	2940	7.510316	16.639675	12.095126	14.217742	0	0	0	12.61571475	0	1.04233971472347e-16	6.56812078516148e-15	-6.38963593706994	2	P-loop nucleoside triphosphate hydrolases superfamily protein with CH (Calponin Homology) domain	AT3G10310.1	1.9999999999999999E-23	DOWN
Nitab4.5_0001105g0200.1	XM_016590598.1	2385	14.402379	5.907888	23.118686	14.61591	0	0	0	14.51121575	0	1.94620720294139e-15	9.99630852145065e-14	-6.38828897304097	2	unknown protein similar to AT1G49870.1	AT1G49870.1	0	DOWN
Nitab4.5_0000308g0280.1	XM_016581074.1	858	37.239996	31.333787	40.914652	27.085121	0	0.484415	0	34.143389	0.16147166666666665	1.49957751557409e-29	3.48011708797255e-27	-6.38180934789747	2	SYP112, ATSYP112: syntaxin of plants 112	AT2G18260.1	3.0000000000000001E-100	DOWN
Nitab4.5_0000230g0240.1	XM_016595300.1	2514	17.453828	15.623518	12.895104	17.578917	0	0	0	15.887841750000003	0	7.50445038899804e-46	5.28924781120862e-43	-6.3712923583987	2	IMK2: inflorescence meristem receptor-like kinase 2	AT3G51740.1	0	DOWN
Nitab4.5_0007306g0020.1	XM_016582854.1	1014	0	0	0	0	21.500796	32.888487	31.901383	0	28.763555333333333	4.27781714883124e-18	3.30250954735329e-16	6.36723486471688	1	SSP4: SCP1-like small phosphatase 4	AT5G46410.2	2.9999999999999998E-123	UP
Nitab4.5_0003873g0010.1	XM_016656037.1	1440	0	0	0	0	24.977753	17.303118	20.724981	0	21.00195066666667	2.03262667135905e-14	8.90239023152192e-13	6.36376668435096	1	anac075, NAC075: NAC domain containing protein 75	AT4G29230.1	0	UP
Nitab4.5_0012747g0010.1	XM_016649872.1	1089	27.391422	14.744895	32.973518	21.273513	0	0	0	24.095837000000003	0	1.7119538456145e-16	1.03753126375936e-14	-6.35598646320131	2	NA	AT1G67820.1	2E-116	DOWN
Nitab4.5_0006338g0010.1	XM_016610703.1	906	8.920792	28.087888	25.581697	14.831152	0	0	0	19.355382249999998	0	1.80431048503318e-37	7.30553798514497e-35	-6.34340875342471	2	NA	AT3G06840.1	5.9999999999999997E-7	DOWN
Nitab4.5_0004218g0020.1	NA	831	0	0	0	0	41.247296	16.690662	57.110073	0	38.34934366666666	7.58212378071414e-12	2.27224906373213e-10	6.33398967375464	1	NA	NA	NA	UP
Nitab4.5_0003885g0020.1	XM_016633075.1	685	19.644589	33.914167	25.235505	34.072867	0	0	0	28.216782000000002	0	2.49996094375622e-18	1.9781395742071e-16	-6.32772366297983	2	IAA19, MSG2: indole-3-acetic acid inducible 19	AT3G15540.1	1E-58	DOWN
Nitab4.5_0007252g0020.1	XM_016589769.1	2613	1.122324	0	0	0.093404	54.87828	52.340058	35.030285	0.30393200000000004	47.41620766666666	4.20097900613849e-11	1.13316272837442e-9	6.32623852506098	1	LOX5: PLAT/LH2 domain-containing lipoxygenase family protein	AT3G22400.1	0	UP
Nitab4.5_0000255g0110.1	XM_016633551.1	909	0	0	0	0.496435	63.96657	33.954696	64.209031	0.12410875	54.04343233333333	1.50682018878596e-13	5.91842893552051e-12	6.32232568386129	1	PEPC1; Pyridoxal phosphate phosphatase-related protein	AT1G17710.1	4.9999999999999997E-127	UP
Nitab4.5_0003567g0040.1	XM_016660335.1	756	6.433367	0	2.671396	3.970316	965.760392	1252.406906	735.685619	3.26876975	984.6176389999999	8.02594855153189e-11	2.06118489791703e-9	6.31834933443568	1	ATEXLB1, EXPR, AT-EXPR, ATEXPR1, ATHEXP BETA 3.1, EXLB1: expansin-like B1	AT4G17030.1	5.9999999999999998E-78	UP
Nitab4.5_0001364g0050.1	XM_016605449.1	3831	4.448973	7.915416	10.615389	7.98131	0	0	0	7.740272	0	1.32069725136303e-43	8.24028481752081e-41	-6.30924158145168	2	binding	AT3G57060.2	0	DOWN
Nitab4.5_0000043g0310.1	XM_016650232.1	1086	1.900346	0	0	0	59.25938	81.022278	86.119148	0.4750865	75.46693533333332	4.59558918944621e-11	1.22915055903249e-9	6.30807877514463	1	Haloacid dehalogenase-like hydrolase (HAD) superfamily protein	AT2G32150.1	2.0000000000000001E-115	UP
Nitab4.5_0006821g0020.1	XM_016599254.1	972	0	0	0	0	30.066655	23.042272	29.554883	0	27.554603333333333	4.90816581517776e-15	2.35567201671709e-13	6.30235543409931	1	Peroxidase superfamily protein	AT3G21770.1	2E-91	UP
Nitab4.5_0000639g0260.1	XM_016646559.1	3042	9.242795	8.801674	10.247274	11.36897	0	0	0	9.91517825	0	5.59579175151644e-30	1.34794831685263e-27	-6.30074736890439	2	Di-glucose binding protein with Kinesin motor domain	AT1G72250.2	0	DOWN
Nitab4.5_0022736g0010.1	XM_016591000.1	985	155.392312	143.178087	151.94859400000001	145.373174	0	8.636215	0	148.97304175	2.878738333333333	3.58330992350998e-13	1.32537196976472e-11	-6.28122308216841	2	AGP18, ATAGP18: arabinogalactan protein  18	AT4G37450.1	5.9999999999999995E-8	DOWN
Nitab4.5_0000428g0070.1	XM_016638015.1	1254	26.324583	18.997072	39.086704	21.189451	0	0	0	26.399452499999995	0	2.25582553222092e-18	1.79616568527884e-16	-6.27388957925197	2	CYC1BAT, CYCB1;2: Cyclin family protein	AT5G06150.1	7.0000000000000001E-147	DOWN
Nitab4.5_0001955g0110.1	XM_016585149.1	1213	0	0	0	0	33.876793	8.453174	21.1125	0	21.147488999999997	2.03689314933399e-11	5.73403500470795e-10	6.2667335651644	1	DNAJ heat shock family protein	AT2G20560.1	0	UP
Nitab4.5_0000118g0060.1	XM_016596776.1	540	0	0	0	0	73.924176	69.939994	70.543957	0	71.46937566666666	4.13001348441895e-11	1.11600794096598e-9	6.25870623909703	1	RING/U-box superfamily protein	NA	NA	UP
Nitab4.5_0001696g0140.1	XM_016616954.1	845	0	0	0	0	27.866839	50.106589	19.065723	0	32.34638366666667	3.61474675115844e-11	9.86924399921738e-10	6.25281531263503	1	SEN1, ATSEN1, DIN1: Rhodanese/Cell cycle control phosphatase superfamily protein	AT4G35770.1	4.0000000000000001E-53	UP
Nitab4.5_0000091g0300.1	XM_016595474.1	627	1.438836	0	0	0	150.96277	170.110232	83.470198	0.359709	134.8477333333333	1.14196974538025e-12	3.88760004554314e-11	6.24966372286075	1	OXS3, ATOXS3: oxidative stress 3	AT5G56550.1	5.9999999999999997E-13	UP
Nitab4.5_0004599g0080.1	XM_016640955.1	982	8.1240849999999991	22.877834	10.441578	10.95528	0	0	0	13.09969425	0	9.27560157969401e-18	6.72436944996484e-16	-6.23283205917823	2	ATEXPA14, EXP14, ATEXP14, ATHEXP ALPHA 1.5, EXPA14: expansin A14	AT2G40610.1	2.0000000000000001E-138	DOWN
Nitab4.5_0000531g0020.1	XM_016579504.1	2050	0	0	0	0	15.785318	21.83404	11.206525	0	16.275294333333335	7.12775844572018e-11	1.8379572252311e-9	6.22196525998228	1	Protein of unknown function (DUF668)	AT1G34320.1	0	UP
Nitab4.5_0000205g0160.1	XM_016605854.1	2322	16.65213	11.199592	15.115252	11.206743	0	0	0	13.543429249999999	0	1.30696302051838e-43	8.24028481752081e-41	-6.2218539337852	2	PLE, ATMAP65-3, MAP65-3: Microtubule associated protein (MAP65/ASE1) family protein	AT5G51600.1	0	DOWN
Nitab4.5_0002018g0020.1	XM_016634705.1	1998	10.950586	15.281988	24.824346	12.870862	0	0	0	15.9819455	0	3.96159265114462e-36	1.49285362675806e-33	-6.22178402924013	2	ATP binding microtubule motor family protein	AT5G02370.1	0	DOWN
Nitab4.5_0008809g0030.1	XM_016600837.1	933	0.366313	0	0	0	43.248377	47.892527	39.029044	0.09157825	43.38998266666667	1.0305618745872e-11	3.03585022807962e-10	6.21986114765186	1	RD22, ATRD22: BURP domain-containing protein	AT5G25610.1	2.3E-2	UP
Nitab4.5_0000295g0220.1	XM_016648307.1	1029	12.863847	12.328194	8.070658	9.313229	0	0	0	10.643982	0	2.54999834493407e-21	2.7808864472261e-19	-6.19684889426379	2	unknown protein similar to AT4G02800.1	AT4G02800.1	4.9999999999999997E-89	DOWN
Nitab4.5_0008414g0050.1	XM_016615018.1	766	2.765673	0	1.114455	0.384452	328.141991	470.780388	291.480782	1.0661450000000001	363.4677203333334	3.30601447174272e-16	1.9035841269974e-14	6.18780003139469	1	NA	-	-	UP
Nitab4.5_0002107g0060.1	XM_016580019.1	1974	15.320329	15.785674	17.050938	11.732539	0	0	0	14.972370000000002	0	6.1052779734441e-25	9.64177923938931e-23	-6.18723562294801	2	S-adenosyl-L-methionine-dependent methyltransferases superfamily protein	AT4G00750.1	0	DOWN
Nitab4.5_0001206g0060.1	XM_016649397.1	1125	87.460096	80.717907	63.714607	52.051403	0.913588	0	0	70.98600325	0.3045293333333333	2.50856140807367e-32	7.12506322323014e-30	-6.18355322288264	2	Pectin lyase-like superfamily protein	AT3G59850.1	4E-174	DOWN
Nitab4.5_0000908g0100.1	XM_016588780.1	933	0.686645	0	0	0	45.587783	55.379402	35.039635	0.17166125	45.33560666666667	4.09618929320315e-11	1.10882620554276e-9	6.15723199222755	1	Protein of unknown function (DUF506)	AT4G32480.1	6.0000000000000002E-83	UP
Nitab4.5_0000244g0010.1	XM_016653281.1	2562	0.679545	0	0	0	16.015667	31.346776	28.155667	0.16988625	25.172703333333335	1.41587456040571e-12	4.76464949328394e-11	6.15468325853303	1	ATTPS11, TPS11, ATTPSB: trehalose phosphatase/synthase 11	AT2G18700.1	0	UP
Nitab4.5_0004123g0030.1	XM_016653976.1	1284	0	0	0	0	10.495859	66.479989	8.332317	0	28.436055	4.77479795616549e-11	1.27350252425829e-9	6.1361534505873	1	PLP2, PLA IIA, PLA2A: phospholipase A 2A	AT2G26560.1	7.0000000000000001E-147	UP
Nitab4.5_0000829g0040.1	XM_016617007.1	869	0	0	2.956935	0	120.502683	115.03588	79.137885	0.73923375	104.89214933333334	4.35278821159095e-15	2.11579973605557e-13	6.13228773371206	1	Uncharacterised protein family (UPF0497)	AT4G15610.1	8.9999999999999995E-51	UP
Nitab4.5_0000288g0110.1	XM_016611528.1	591	0	0	0	1.074091	121.669519	40.278617	126.376692	0.26852275	96.10827599999999	1.20154941456836e-10	3.01854592201135e-9	6.12807903393395	1	ATHSP22.0: HSP20-like chaperones superfamily protein	AT4G10250.1	4E-50	UP
Nitab4.5_0003526g0050.1	XM_016617371.1	858	8.220455	11.515636	12.147273	6.861455	0	0	0	9.68620475	0	7.35631117875032e-14	3.02029345699285e-12	-6.12523953647837	2	SYP112, ATSYP112: syntaxin of plants 112	AT2G18260.1	7.0000000000000001E-100	DOWN
Nitab4.5_0001159g0190.1	XM_016622604.1	1284	0	0	0	0.105702	17.824418	26.084368	21.890254	0.0264255	21.933013333333335	6.33518038699319e-13	2.25132554182036e-11	6.11255341318361	1	NA	AT5G39380.1	3E-9	UP
Nitab4.5_0000566g0160.1	XM_016618763.1	3216	6.060089	5.337193	10.27427	7.558031	0	0	0	7.3073957499999995	0	7.39199027905904e-17	4.83400601410631e-15	-6.10825720726088	2	RNA-dependent RNA polymerase family protein	AT2G19930.1	0	DOWN
Nitab4.5_0007821g0040.1	XM_016652795.1	1464	0.337054	0	0	0	24.590035	24.959541	26.359454	0.0842635	25.30301	1.40802980890155e-10	3.48210620706906e-9	6.09539084576598	1	Hsp70b: heat shock protein 70B	NA	NA	UP
Nitab4.5_0009955g0010.1	XM_016648839.1	1638	0	0	0	0	16.460144	18.147548	12.100301	0	15.569331	1.39446462925847e-11	4.03906573741076e-10	6.09439531959412	1	PLA-I{beta]2: alpha/beta-Hydrolases superfamily protein	NA	NA	UP
Nitab4.5_0008523g0030.1	XM_016637755.1	2127	0.181938	0	0.770321	0	47.525757	70.789866	36.044005	0.23806475	51.45320933333333	4.20193681098249e-12	1.30551604102852e-10	6.08917765939825	1	BGAL12: beta-galactosidase 12	AT4G26140.1	0	UP
Nitab4.5_0001477g0080.1	XM_016587501.1	1044	0	0	0.607171	0	33.719748	59.701571	53.116443	0.15179275	48.84592066666667	2.28609738469926e-18	1.81646902842701e-16	6.07681005134008	1	CAP (Cysteine-rich secretory proteins, Antigen 5, and Pathogenesis-related 1 protein) superfamily protein	AT2G14580.1	7.9999999999999997E-64	UP
Nitab4.5_0007815g0020.1	XR_001642685.1	4098	19.985336	14.725677	19.33776	14.008275	0.614299	0	0	17.014262	0.20476633333333336	7.44870627046819e-19	6.32807501459864e-17	-6.07608933109742	2	P-loop containing nucleoside triphosphate hydrolases superfamily protein	AT3G44050.1	0	DOWN
Nitab4.5_0004166g0040.1	XM_016576880.1	3721	4.734225	7.760999	4.977022	5.172509	0	0	0	5.661188749999999	0	4.88470963410937e-58	5.99716286045815e-55	-6.07374780455841	2	unknown protein; FUNCTIONS IN: molecular_function unknown; INVOLVED IN: biological_process unknown; LOCATED IN: cellular_component unknown; EXPRESSED IN: 18 plant structures; EXPRESSED DURING: 13 growth stages; BEST Arabidopsis thaliana protein match is: unknown protein (TAIR:AT4G24610.1).	AT5G48310.2	0	DOWN
Nitab4.5_0004000g0020.1	XM_016639089.1	891	8.386702	19.153646	19.494498	12.265885	0	0	0	14.82518275	0	1.08813341426991e-10	2.74995735372594e-9	-6.07175993645712	2	NA	NA	NA	DOWN
Nitab4.5_0000742g0110.1	XM_016600724.1	573	0	0	0	0	64.603139	31.755211	40.037517	0	45.465289000000006	9.89280470416614e-11	2.51013431360375e-9	6.06734449612908	1	Chaperone DnaJ-domain superfamily protein	AT1G71000.1	9.9999999999999998E-46	UP
Nitab4.5_0000527g0200.1	XM_016621813.1	594	0	0	0	0	23.368179	106.714003	54.787566	0	61.62324933333334	1.90282687390531e-14	8.38212856722641e-13	6.04514431957576	1	unknown protein similar to AT5G02160.1	AT5G02160.1	7.0000000000000004E-46	UP
Nitab4.5_0001477g0070.1	XM_016587502.1	534	0	0	0	0	59.418983	107.628321	44.410224	0	70.48584266666667	1.16193505194303e-10	2.92675367815697e-9	6.03867564011163	1	ATPRB1, PRB1: basic pathogenesis-related protein 1	NA	NA	UP
Nitab4.5_0001426g0030.1	XM_016633498.1	2508	7.534814	14.986187	5.89037	12.655459	0	0	0	10.266707499999999	0	2.46722219925919e-25	3.99585008101298e-23	-6.03418040877247	2	ZCF125: P-loop containing nucleoside triphosphate hydrolases superfamily protein	AT1G59540.1	0	DOWN
Nitab4.5_0002479g0010.1	XM_016593071.1	498	0	0	0	0	44.107039	109.127283	53.497904	0	68.91074200000001	3.58793219134263e-11	9.80306526938267e-10	6.02791127726842	1	Calcium-dependent lipid-binding (CaLB domain) family protein	NA	NA	UP
Nitab4.5_0000009g0510.1	XM_016605567.1	1005	0	0	2.048321	0.6838	90.65837	139.572106	85.427413	0.6830302500000001	105.21929633333333	6.10418634323571e-11	1.59564101801889e-9	6.01692349493984	1	ATHCHIB, PR3, PR-3, CHI-B, B-CHI, HCHIB: basic chitinase	AT3G12500.1	1E-155	UP
Nitab4.5_0001778g0040.1	XM_016613145.1	1536	18.256149	8.400393	17.269143	8.094217	0	0	0	13.0049755	0	9.70742169431368e-17	6.15774116142631e-15	-6.01509902022862	2	unknown protein similar to AT1G17030.1	AT1G17030.1	0	DOWN
Nitab4.5_0000355g0250.1	XM_016610291.1	1251	1.046213	2.305208	0	0	101.985763	93.800997	118.910104	0.83785525	104.89895466666667	8.40209514192638e-8	1.23420973022662e-6	6.01133213711421	1	DREB2C, AtERF48: Integrase-type DNA-binding superfamily protein	AT2G40340.1	8E-41	UP
Nitab4.5_0005316g0010.1	XM_016635290.1	3609	0	0	0	0	3.463902	16.101703	5.089882	0	8.218495666666668	1.31918891508837e-13	5.21374144426413e-12	6.00225329688443	1	NA	AT1G18130.1	1.8	UP
Nitab4.5_0003823g0060.1	XM_016620740.1	1323	0	0	0	0	28.465719	5.933859	14.015147	0	16.138241666666666	1.99770996990192e-11	5.64879951370484e-10	6.00202792092026	1	Regulator of Vps4 activity in the MVB pathway protein	AT1G13340.1	7.9999999999999994E-39	UP
